_id,company_id,site_id,user_id,manager_id,frequency,year,month,emission_factor,emission_factor_unit,calculated_emission,name,notes,source,approved,approved_by,created_at,updated_at,consumption,unit,spend_amount,currency,emission_intensity,output_value,output_unit
689472c5a02b9ca49252dbc2,6891bb1896163182f4b2783e,6891bb9e96163182f4b278f4,6891bceb96163182f4b27905,,,2023,January,0.6986,TCO2e,2409.4714,Ali Majeed,,IEA 2022,true,Mauricio Dela Cruz,2025-08-07T09:32:53.538000,2025-08-07T09:32:53.538000,3449000.00,Kwh,,Select,,,
689472d4a02b9ca49252dbc5,6891bb1896163182f4b2783e,6891bb9e96163182f4b278f4,6891bceb96163182f4b27905,,,2023,February,0.6986,TCO2e,2533.1236,Ali Majeed,,IEA 2022,true,Mauricio Dela Cruz,2025-08-07T09:33:08.390000,2025-08-07T09:33:08.390000,3626000.00,Kwh,,Select,,,
689472fba02b9ca49252dc83,6891bb1896163182f4b2783e,6891bb9e96163182f4b278f4,6891bceb96163182f4b27905,,,2023,March,0.6986,TCO2e,2693.103,Ali Majeed,,IEA 2022,true,Mauricio Dela Cruz,2025-08-07T09:33:47.503000,2025-08-07T09:33:47.503000,3855000.00,Kwh,,Select,,,
689472fea02b9ca49252dc86,6891bb1896163182f4b2783e,6891bb9e96163182f4b278f4,6891bceb96163182f4b27905,,,2023,April,0.6986,TCO2e,2646.9954,Ali Majeed,,IEA 2022,true,Mauricio Dela Cruz,2025-08-07T09:33:50.690000,2025-08-07T09:33:50.690000,3789000.00,Kwh,,Select,,,
68947305a02b9ca49252dc89,6891bb1896163182f4b2783e,6891bb9e96163182f4b278f4,6891bceb96163182f4b27905,,,2023,May,0.6986,TCO2e,2957.1738,Ali Majeed,,IEA 2022,true,Mauricio Dela Cruz,2025-08-07T09:33:57.330000,2025-08-07T09:33:57.330000,4233000.00,Kwh,,Select,,,
68947312a02b9ca49252dc8c,6891bb1896163182f4b2783e,6891bb9e96163182f4b278f4,6891bceb96163182f4b27905,,,2023,June,0.6986,TCO2e,2500.988,Ali Majeed,,IEA 2022,true,Mauricio Dela Cruz,2025-08-07T09:34:10.744000,2025-08-07T09:34:10.744000,3580000.00,Kwh,,Select,,,
6894731fa02b9ca49252dc8f,6891bb1896163182f4b2783e,6891bb9e96163182f4b278f4,6891bceb96163182f4b27905,,,2023,July,0.6986,TCO2e,3027.7324,Ali Majeed,,IEA 2022,true,Mauricio Dela Cruz,2025-08-07T09:34:23.337000,2025-08-07T09:34:23.337000,4334000.00,Kwh,,Select,,,
68947333a02b9ca49252dc92,6891bb1896163182f4b2783e,6891bb9e96163182f4b278f4,6891bceb96163182f4b27905,,,2023,August,0.6986,TCO2e,3031.2254,Ali Majeed,,IEA 2022,true,Mauricio Dela Cruz,2025-08-07T09:34:43.298000,2025-08-07T09:34:43.298000,4339000.00,Kwh,,Select,,,
68947342a02b9ca49252dc97,6891bb1896163182f4b2783e,6891bb9e96163182f4b278f4,6891bceb96163182f4b27905,,,2023,September,0.6986,TCO2e,2911.7648,Ali Majeed,,IEA 2022,true,Mauricio Dela Cruz,2025-08-07T09:34:58.258000,2025-08-07T09:34:58.258000,4168000.00,Kwh,,Select,,,
68947356a02b9ca49252dc9c,6891bb1896163182f4b2783e,6891bb9e96163182f4b278f4,6891bceb96163182f4b27905,,,2023,October,0.6986,TCO2e,3007.473,Ali Majeed,,IEA 2022,true,Mauricio Dela Cruz,2025-08-07T09:35:18.430000,2025-08-07T09:35:18.430000,4305000.00,Kwh,,Select,,,
68947382a02b9ca49252ddbb,6891bb1896163182f4b2783e,6891bb9e96163182f4b278f4,6891bceb96163182f4b27905,,,2023,November,0.6986,TCO2e,2841.9048,Ali Majeed,,IEA 2022,true,Mauricio Dela Cruz,2025-08-07T09:36:02.978000,2025-08-07T09:36:02.978000,4068000.00,Kwh,,Select,,,
6894738da02b9ca49252ddbe,6891bb1896163182f4b2783e,6891bb9e96163182f4b278f4,6891bceb96163182f4b27905,,,2023,December,0.6986,TCO2e,3020.0478,Ali Majeed,,IEA 2022,true,Mauricio Dela Cruz,2025-08-07T09:36:13.762000,2025-08-07T09:36:13.762000,4323000.00,Kwh,,Select,,,
68947400a02b9ca49252e113,6891bb1896163182f4b2783e,6891bb9e96163182f4b278f4,6891bceb96163182f4b27905,,,2024,January,0.6986,TCO2e,2803.4818,Ali Majeed,,IEA 2023,true,Mauricio Dela Cruz,2025-08-07T09:38:08.151000,2025-08-07T09:38:08.151000,4013000.00,Kwh,,Select,,,
6894740ca02b9ca49252e116,6891bb1896163182f4b2783e,6891bb9e96163182f4b278f4,6891bceb96163182f4b27905,,,2024,February,0.6986,TCO2e,2886.6152,Ali Majeed,,IEA 2023,true,Mauricio Dela Cruz,2025-08-07T09:38:20.087000,2025-08-07T09:38:20.087000,4132000.00,Kwh,,Select,,,
68947419a02b9ca49252e119,6891bb1896163182f4b2783e,6891bb9e96163182f4b278f4,6891bceb96163182f4b27905,,,2024,March,0.6986,TCO2e,3173.0412,Ali Majeed,,IEA 2023,true,Mauricio Dela Cruz,2025-08-07T09:38:33.194000,2025-08-07T09:38:33.194000,4542000.00,Kwh,,Select,,,
68947424a02b9ca49252e11c,6891bb1896163182f4b2783e,6891bb9e96163182f4b278f4,6891bceb96163182f4b27905,,,2024,April,0.6986,TCO2e,2466.058,Ali Majeed,,IEA 2023,true,Mauricio Dela Cruz,2025-08-07T09:38:44.668000,2025-08-07T09:38:44.668000,3530000.00,Kwh,,Select,,,
68947433a02b9ca49252e11f,6891bb1896163182f4b2783e,6891bb9e96163182f4b278f4,6891bceb96163182f4b27905,,,2024,May,0.6986,TCO2e,2709.8694,Ali Majeed,,IEA 2023,true,Mauricio Dela Cruz,2025-08-07T09:38:59.102000,2025-08-07T09:38:59.102000,3879000.00,Kwh,,Select,,,
68947442a02b9ca49252e122,6891bb1896163182f4b2783e,6891bb9e96163182f4b278f4,6891bceb96163182f4b27905,,,2024,June,0.6986,TCO2e,3008.8702,Ali Majeed,,IEA 2023,true,Mauricio Dela Cruz,2025-08-07T09:39:14.501000,2025-08-07T09:39:14.501000,4307000.00,Kwh,,Select,,,
6894744fa02b9ca49252e125,6891bb1896163182f4b2783e,6891bb9e96163182f4b278f4,6891bceb96163182f4b27905,,,2024,July,0.6986,TCO2e,2860.0684,Ali Majeed,,IEA 2023,true,Mauricio Dela Cruz,2025-08-07T09:39:27.333000,2025-08-07T09:39:27.333000,4094000.00,Kwh,,Select,,,
6894745ba02b9ca49252e128,6891bb1896163182f4b2783e,6891bb9e96163182f4b278f4,6891bceb96163182f4b27905,,,2024,August,0.6986,TCO2e,2911.0662,Ali Majeed,,IEA 2023,true,Mauricio Dela Cruz,2025-08-07T09:39:39.139000,2025-08-07T09:39:39.139000,4167000.00,Kwh,,Select,,,
6894745ca02b9ca49252e12b,6891bb1896163182f4b2783e,6891bc1096163182f4b278f8,6891bd4496163182f4b27909,,,2024,January,0.6112,TCO2e,185.16915199999997,Yousuf Enizy,,IEA 2023,true,Mauricio Dela Cruz,2025-08-07T09:39:40.150000,2025-08-07T09:39:40.150000,302960.00,Kwh,,Select,,,
6894745da02b9ca49252e12e,6891bb1896163182f4b2783e,6891bc1096163182f4b278f8,6891bd4496163182f4b27909,,,2024,February,0.6112,TCO2e,149.523968,Yousuf Enizy,,IEA 2023,true,Mauricio Dela Cruz,2025-08-07T09:39:41.337000,2025-08-07T09:39:41.337000,244640.00,Kwh,,Select,,,
6894745fa02b9ca49252e131,6891bb1896163182f4b2783e,6891bc1096163182f4b278f8,6891bd4496163182f4b27909,,,2024,March,0.6112,TCO2e,145.39225599999997,Yousuf Enizy,,IEA 2023,true,Mauricio Dela Cruz,2025-08-07T09:39:43.038000,2025-08-07T09:39:43.038000,237880.00,Kwh,,Select,,,
6894745fa02b9ca49252e134,6891bb1896163182f4b2783e,6891bc1096163182f4b278f8,6891bd4496163182f4b27909,,,2024,April,0.6112,TCO2e,146.33179264,Yousuf Enizy,,IEA 2023,true,Mauricio Dela Cruz,2025-08-07T09:39:43.869000,2025-08-07T09:39:43.869000,239417.20,Kwh,,Select,,,
68947460a02b9ca49252e137,6891bb1896163182f4b2783e,6891bc1096163182f4b278f8,6891bd4496163182f4b27909,,,2024,May,0.6112,TCO2e,206.445794112,Yousuf Enizy,,IEA 2023,true,Mauricio Dela Cruz,2025-08-07T09:39:44.562000,2025-08-07T09:39:44.562000,337771.26,Kwh,,Select,,,
68947461a02b9ca49252e13a,6891bb1896163182f4b2783e,6891bc1096163182f4b278f8,6891bd4496163182f4b27909,,,2024,June,0.6112,TCO2e,253.22821561599997,Yousuf Enizy,,IEA 2023,true,Mauricio Dela Cruz,2025-08-07T09:39:45.460000,2025-08-07T09:39:45.460000,414313.18,Kwh,,Select,,,
68947465a02b9ca49252e13d,6891bb1896163182f4b2783e,6891bc1096163182f4b278f8,6891bd4496163182f4b27909,,,2024,July,0.6112,TCO2e,473.63765606399994,Yousuf Enizy,,IEA 2023,true,Mauricio Dela Cruz,2025-08-07T09:39:49.487000,2025-08-07T09:39:49.487000,774930.72,Kwh,,Select,,,
68947466a02b9ca49252e140,6891bb1896163182f4b2783e,6891bc1096163182f4b278f8,6891bd4496163182f4b27909,,,2024,August,0.6112,TCO2e,524.30025632,Yousuf Enizy,,IEA 2023,true,Mauricio Dela Cruz,2025-08-07T09:39:50.362000,2025-08-07T09:39:50.362000,857821.10,Kwh,,Select,,,
68947466a02b9ca49252e143,6891bb1896163182f4b2783e,6891bc1096163182f4b278f8,6891bd4496163182f4b27909,,,2024,September,0.6112,TCO2e,542.5947802879999,Yousuf Enizy,,IEA 2023,true,Mauricio Dela Cruz,2025-08-07T09:39:50.976000,2025-08-07T09:39:50.976000,887753.24,Kwh,,Select,,,
6894746aa02b9ca49252e146,6891bb1896163182f4b2783e,6891bc1096163182f4b278f8,6891bd4496163182f4b27909,,,2024,October,0.6112,TCO2e,483.974728864,Yousuf Enizy,,IEA 2023,true,Mauricio Dela Cruz,2025-08-07T09:39:54.381000,2025-08-07T09:39:54.381000,791843.47,Kwh,,Select,,,
6894746aa02b9ca49252e149,6891bb1896163182f4b2783e,6891bb9e96163182f4b278f4,6891bceb96163182f4b27905,,,2024,September,0.6986,TCO2e,2742.005,Ali Majeed,,IEA 2023,true,Mauricio Dela Cruz,2025-08-07T09:39:54.394000,2025-08-07T09:39:54.394000,3925000.00,Kwh,,Select,,,
6894746ca02b9ca49252e14c,6891bb1896163182f4b2783e,6891bc1096163182f4b278f8,6891bd4496163182f4b27909,,,2024,November,0.6112,TCO2e,613.797025472,Yousuf Enizy,,IEA 2023,true,Mauricio Dela Cruz,2025-08-07T09:39:56.364000,2025-08-07T09:39:56.364000,1004249.06,Kwh,,Select,,,
6894746da02b9ca49252e14f,6891bb1896163182f4b2783e,6891bc1096163182f4b278f8,6891bd4496163182f4b27909,,,2024,December,0.6112,TCO2e,795.675935072,Yousuf Enizy,,IEA 2023,true,Mauricio Dela Cruz,2025-08-07T09:39:57.036000,2025-08-07T09:39:57.036000,1301825.81,Kwh,,Select,,,
68947475a02b9ca49252e152,6891bb1896163182f4b2783e,6891bb9e96163182f4b278f4,6891bceb96163182f4b27905,,,2024,October,0.6986,TCO2e,3006.7744,Ali Majeed,,IEA 2023,true,Mauricio Dela Cruz,2025-08-07T09:40:05.049000,2025-08-07T09:40:05.049000,4304000.00,Kwh,,Select,,,
68947480a02b9ca49252e155,6891bb1896163182f4b2783e,6891bb9e96163182f4b278f4,6891bceb96163182f4b27905,,,2024,November,0.6986,TCO2e,2960.6668,Ali Majeed,,IEA 2023,true,Mauricio Dela Cruz,2025-08-07T09:40:16.965000,2025-08-07T09:40:16.965000,4238000.00,Kwh,,Select,,,
6894748ca02b9ca49252e158,6891bb1896163182f4b2783e,6891bb9e96163182f4b278f4,6891bceb96163182f4b27905,,,2024,December,0.6986,TCO2e,2945.2976,Ali Majeed,,IEA 2023,true,Mauricio Dela Cruz,2025-08-07T09:40:28.173000,2025-08-07T09:40:28.173000,4216000.00,Kwh,,Select,,,
689474f8a02b9ca49252e216,6891bb1896163182f4b2783e,6891bb9e96163182f4b278f4,6891bceb96163182f4b27905,,,2025,January,0.6986,TCO2e,2704.9792,Ali Majeed,,IEA 2024,true,Mauricio Dela Cruz,2025-08-07T09:42:16.777000,2025-08-07T09:42:16.777000,3872000.00,Kwh,,Select,,,
68947504a02b9ca49252e219,6891bb1896163182f4b2783e,6891bb9e96163182f4b278f4,6891bceb96163182f4b27905,,,2025,February,0.6986,TCO2e,3089.9078,Ali Majeed,,IEA 2024,true,Mauricio Dela Cruz,2025-08-07T09:42:28.101000,2025-08-07T09:42:28.101000,4423000.00,Kwh,,Select,,,
6894750ea02b9ca49252e21c,6891bb1896163182f4b2783e,6891bb9e96163182f4b278f4,6891bceb96163182f4b27905,,,2025,March,0.6986,TCO2e,2921.5452,Ali Majeed,,IEA 2024,true,Mauricio Dela Cruz,2025-08-07T09:42:38.955000,2025-08-07T09:42:38.955000,4182000.00,Kwh,,Select,,,
6894751aa02b9ca49252e21f,6891bb1896163182f4b2783e,6891bb9e96163182f4b278f4,6891bceb96163182f4b27905,,,2025,April,0.6986,TCO2e,3073.84,Ali Majeed,,IEA 2024,true,Mauricio Dela Cruz,2025-08-07T09:42:50.116000,2025-08-07T09:42:50.116000,4400000.00,Kwh,,Select,,,
68947524a02b9ca49252e222,6891bb1896163182f4b2783e,6891bb9e96163182f4b278f4,6891bceb96163182f4b27905,,,2025,May,0.6986,TCO2e,3034.0198,Ali Majeed,,IEA 2024,true,Mauricio Dela Cruz,2025-08-07T09:43:00.459000,2025-08-07T09:43:00.459000,4343000.00,Kwh,,Select,,,
68947537a02b9ca49252e225,6891bb1896163182f4b2783e,6891bb9e96163182f4b278f4,6891bceb96163182f4b27905,,,2025,June,0.6986,TCO2e,3095.4966,Ali Majeed,,IEA 2024,true,Mauricio Dela Cruz,2025-08-07T09:43:19.343000,2025-08-07T09:43:19.343000,4431000.00,Kwh,,Select,,,
68947786a02b9ca49252e348,6891bb1896163182f4b2783e,6891bc1096163182f4b278f8,6891bd4496163182f4b27909,,,2023,January,0.6112,TCO2e,185.16915199999997,Yousuf Enizy,,IEA 2022,true,Mauricio Dela Cruz,2025-08-07T09:53:10.568000,2025-08-07T09:53:10.568000,302960.00,Kwh,,Select,,,
68947786a02b9ca49252e34b,6891bb1896163182f4b2783e,6891bc1096163182f4b278f8,6891bd4496163182f4b27909,,,2023,February,0.6112,TCO2e,149.523968,Yousuf Enizy,,IEA 2022,true,Mauricio Dela Cruz,2025-08-07T09:53:10.863000,2025-08-07T09:53:10.863000,244640.00,Kwh,,Select,,,
68947787a02b9ca49252e34e,6891bb1896163182f4b2783e,6891bc1096163182f4b278f8,6891bd4496163182f4b27909,,,2023,March,0.6112,TCO2e,160.7456,Yousuf Enizy,,IEA 2022,true,Mauricio Dela Cruz,2025-08-07T09:53:11.870000,2025-08-07T09:53:11.870000,263000.00,Kwh,,Select,,,
68947788a02b9ca49252e351,6891bb1896163182f4b2783e,6891bc1096163182f4b278f8,6891bd4496163182f4b27909,,,2023,April,0.6112,TCO2e,168.348928,Yousuf Enizy,,IEA 2022,true,Mauricio Dela Cruz,2025-08-07T09:53:12.776000,2025-08-07T09:53:12.776000,275440.00,Kwh,,Select,,,
68947789a02b9ca49252e354,6891bb1896163182f4b2783e,6891bc1096163182f4b278f8,6891bd4496163182f4b27909,,,2023,May,0.6112,TCO2e,181.69753599999999,Yousuf Enizy,,IEA 2022,true,Mauricio Dela Cruz,2025-08-07T09:53:13.659000,2025-08-07T09:53:13.659000,297280.00,Kwh,,Select,,,
6894778da02b9ca49252e357,6891bb1896163182f4b2783e,6891bc1096163182f4b278f8,6891bd4496163182f4b27909,,,2023,June,0.6112,TCO2e,182.82214399999998,Yousuf Enizy,,IEA 2022,true,Mauricio Dela Cruz,2025-08-07T09:53:17.264000,2025-08-07T09:53:17.264000,299120.00,Kwh,,Select,,,
6894778da02b9ca49252e35a,6891bb1896163182f4b2783e,6891bc1096163182f4b278f8,6891bd4496163182f4b27909,,,2023,July,0.6112,TCO2e,172.920704,Yousuf Enizy,,IEA 2022,true,Mauricio Dela Cruz,2025-08-07T09:53:17.991000,2025-08-07T09:53:17.991000,282920.00,Kwh,,Select,,,
6894778ea02b9ca49252e35d,6891bb1896163182f4b2783e,6891bc1096163182f4b278f8,6891bd4496163182f4b27909,,,2023,August,0.6112,TCO2e,168.07999999999998,Yousuf Enizy,,IEA 2022,true,Mauricio Dela Cruz,2025-08-07T09:53:18.723000,2025-08-07T09:53:18.723000,275000.00,Kwh,,Select,,,
68947790a02b9ca49252e360,6891bb1896163182f4b2783e,6891bc1096163182f4b278f8,6891bd4496163182f4b27909,,,2023,September,0.6112,TCO2e,190.59660799999997,Yousuf Enizy,,IEA 2022,true,Mauricio Dela Cruz,2025-08-07T09:53:20.875000,2025-08-07T09:53:20.875000,311840.00,Kwh,,Select,,,
68947795a02b9ca49252e363,6891bb1896163182f4b2783e,6891bc1096163182f4b278f8,6891bd4496163182f4b27909,,,2023,October,0.6112,TCO2e,186.220416,Yousuf Enizy,,IEA 2022,true,Mauricio Dela Cruz,2025-08-07T09:53:25.375000,2025-08-07T09:53:25.375000,304680.00,Kwh,,Select,,,
68947796a02b9ca49252e366,6891bb1896163182f4b2783e,6891bc1096163182f4b278f8,6891bd4496163182f4b27909,,,2023,November,0.6112,TCO2e,181.5264,Yousuf Enizy,,IEA 2022,true,Mauricio Dela Cruz,2025-08-07T09:53:26.515000,2025-08-07T09:53:26.515000,297000.00,Kwh,,Select,,,
68947797a02b9ca49252e369,6891bb1896163182f4b2783e,6891bc1096163182f4b278f8,6891bd4496163182f4b27909,,,2023,December,0.6112,TCO2e,178.543744,Yousuf Enizy,,IEA 2022,true,Mauricio Dela Cruz,2025-08-07T09:53:27.200000,2025-08-07T09:53:27.200000,292120.00,Kwh,,Select,,,
68947802a02b9ca49252e36c,6891bb1896163182f4b2783e,6891bc1096163182f4b278f8,6891bd4496163182f4b27909,,,2025,January,0.6112,TCO2e,991.7884152639999,Yousuf Enizy,,IEA 2024,true,Mauricio Dela Cruz,2025-08-07T09:55:14.359000,2025-08-07T09:55:14.359000,1622690.47,Kwh,,Select,,,
68947802a02b9ca49252e36f,6891bb1896163182f4b2783e,6891bc1096163182f4b278f8,6891bd4496163182f4b27909,,,2025,February,0.6112,TCO2e,534.5918313919999,Yousuf Enizy,,IEA 2024,true,Mauricio Dela Cruz,2025-08-07T09:55:14.957000,2025-08-07T09:55:14.957000,874659.41,Kwh,,Select,,,
68947803a02b9ca49252e372,6891bb1896163182f4b2783e,6891bc1096163182f4b278f8,6891bd4496163182f4b27909,,,2025,March,0.6112,TCO2e,382.108176288,Yousuf Enizy,,IEA 2024,true,Mauricio Dela Cruz,2025-08-07T09:55:15.657000,2025-08-07T09:55:15.657000,625176.99,Kwh,,Select,,,
68947804a02b9ca49252e375,6891bb1896163182f4b2783e,6891bc1096163182f4b278f8,6891bd4496163182f4b27909,,,2025,April,0.6112,TCO2e,532.5498427519999,Yousuf Enizy,,IEA 2024,true,Mauricio Dela Cruz,2025-08-07T09:55:16.801000,2025-08-07T09:55:16.801000,871318.46,Kwh,,Select,,,
68947805a02b9ca49252e378,6891bb1896163182f4b2783e,6891bc1096163182f4b278f8,6891bd4496163182f4b27909,,,2025,May,0.6112,TCO2e,593.941032192,Yousuf Enizy,,IEA 2024,true,Mauricio Dela Cruz,2025-08-07T09:55:17.590000,2025-08-07T09:55:17.590000,971762.16,Kwh,,Select,,,
68947806a02b9ca49252e37b,6891bb1896163182f4b2783e,6891bc1096163182f4b278f8,6891bd4496163182f4b27909,,,2025,June,0.6112,TCO2e,621.058814912,Yousuf Enizy,,IEA 2024,true,Mauricio Dela Cruz,2025-08-07T09:55:18.511000,2025-08-07T09:55:18.511000,1016130.26,Kwh,,Select,,,
68998cf6c4c6e0069e716deb,6891bb1896163182f4b2783e,6891bc8096163182f4b278fc,6891bd8e96163182f4b2790d,,,2023,January,0.0792,TCO2e,49.626720000000006,Emidio Tinga,,IEA 2022,true,Mauricio Dela Cruz,2025-08-11T06:25:58.912000,2025-08-11T06:25:58.912000,626600,Kwh,,Select,,,
68998d03c4c6e0069e716dee,6891bb1896163182f4b2783e,6891bc8096163182f4b278fc,6891bd8e96163182f4b2790d,,,2023,February,0.0792,TCO2e,49.7772,Emidio Tinga,,IEA 2022,true,Mauricio Dela Cruz,2025-08-11T06:26:11.833000,2025-08-11T06:26:11.833000,628500,Kwh,,Select,,,
68998d1dc4c6e0069e716df1,6891bb1896163182f4b2783e,6891bc8096163182f4b278fc,6891bd8e96163182f4b2790d,,,2023,March,0.0792,TCO2e,49.72968,Emidio Tinga,,IEA 2022,true,Mauricio Dela Cruz,2025-08-11T06:26:37.420000,2025-08-11T06:26:37.420000,627900,Kwh,,Select,,,
68998d2ac4c6e0069e716df4,6891bb1896163182f4b2783e,6891bc8096163182f4b278fc,6891bd8e96163182f4b2790d,,,2023,April,0.0792,TCO2e,45.872640000000004,Emidio Tinga,,IEA 2022,true,Mauricio Dela Cruz,2025-08-11T06:26:50.252000,2025-08-11T06:26:50.252000,579200,Kwh,,Select,,,
68998d37c4c6e0069e716df7,6891bb1896163182f4b2783e,6891bc8096163182f4b278fc,6891bd8e96163182f4b2790d,,,2023,May,0.0792,TCO2e,45.05688,Emidio Tinga,,IEA 2022,true,Mauricio Dela Cruz,2025-08-11T06:27:03.564000,2025-08-11T06:27:03.564000,568900,Kwh,,Select,,,
68998d53c4c6e0069e716dfa,6891bb1896163182f4b2783e,6891bc8096163182f4b278fc,6891bd8e96163182f4b2790d,,,2023,June,0.0792,TCO2e,51.472080000000005,Emidio Tinga,,IEA 2022,true,Mauricio Dela Cruz,2025-08-11T06:27:31.876000,2025-08-11T06:27:31.876000,649900,Kwh,,Select,,,
68998d59c4c6e0069e716dfd,6891bb1896163182f4b2783e,6891bc8096163182f4b278fc,6891bd8e96163182f4b2790d,,,2023,July,0.0792,TCO2e,49.674240000000005,Emidio Tinga,,IEA 2022,true,Mauricio Dela Cruz,2025-08-11T06:27:37.962000,2025-08-11T06:27:37.962000,627200,Kwh,,Select,,,
68998d91c4c6e0069e716e00,6891bb1896163182f4b2783e,6891bc8096163182f4b278fc,6891bd8e96163182f4b2790d,,,2023,August,0.0792,TCO2e,44.01144000000001,Emidio Tinga,,IEA 2022,true,Mauricio Dela Cruz,2025-08-11T06:28:33.652000,2025-08-11T06:28:33.652000,555700,Kwh,,Select,,,
68998d92c4c6e0069e716e03,6891bb1896163182f4b2783e,6891bc8096163182f4b278fc,6891bd8e96163182f4b2790d,,,2023,September,0.0792,TCO2e,40.65336,Emidio Tinga,,IEA 2022,true,Mauricio Dela Cruz,2025-08-11T06:28:34.957000,2025-08-11T06:28:34.957000,513300,Kwh,,Select,,,
68998d94c4c6e0069e716e06,6891bb1896163182f4b2783e,6891bc8096163182f4b278fc,6891bd8e96163182f4b2790d,,,2023,October,0.0792,TCO2e,47.97936,Emidio Tinga,,IEA 2022,true,Mauricio Dela Cruz,2025-08-11T06:28:36.191000,2025-08-11T06:28:36.191000,605800,Kwh,,Select,,,
68998d95c4c6e0069e716e09,6891bb1896163182f4b2783e,6891bc8096163182f4b278fc,6891bd8e96163182f4b2790d,,,2023,November,0.0792,TCO2e,50.719680000000004,Emidio Tinga,,IEA 2022,true,Mauricio Dela Cruz,2025-08-11T06:28:37.408000,2025-08-11T06:28:37.408000,640400,Kwh,,Select,,,
68998d96c4c6e0069e716e0c,6891bb1896163182f4b2783e,6891bc8096163182f4b278fc,6891bd8e96163182f4b2790d,,,2023,December,0.0792,TCO2e,51.955200000000005,Emidio Tinga,,IEA 2022,true,Mauricio Dela Cruz,2025-08-11T06:28:38.937000,2025-08-11T06:28:38.937000,656000,Kwh,,Select,,,
68998dfdc4c6e0069e716f88,6891bb1896163182f4b2783e,6891bc8096163182f4b278fc,6891bd8e96163182f4b2790d,,,2024,January,0.0792,TCO2e,43.42536,Emidio Tinga,,IEA 2023,true,Mauricio Dela Cruz,2025-08-11T06:30:21.027000,2025-08-11T06:30:21.027000,548300,Kwh,,Select,,,
68998e01c4c6e0069e716f8c,6891bb1896163182f4b2783e,6891bc8096163182f4b278fc,6891bd8e96163182f4b2790d,,,2024,February,0.0792,TCO2e,37.75464,Emidio Tinga,,IEA 2023,true,Mauricio Dela Cruz,2025-08-11T06:30:25.593000,2025-08-11T06:30:25.593000,476700,Kwh,,Select,,,
68998e06c4c6e0069e716f8f,6891bb1896163182f4b2783e,6891bc8096163182f4b278fc,6891bd8e96163182f4b2790d,,,2024,March,0.0792,TCO2e,44.264880000000005,Emidio Tinga,,IEA 2023,true,Mauricio Dela Cruz,2025-08-11T06:30:30.030000,2025-08-11T06:30:30.030000,558900,Kwh,,Select,,,
68998e0ac4c6e0069e716f92,6891bb1896163182f4b2783e,6891bc8096163182f4b278fc,6891bd8e96163182f4b2790d,,,2024,April,0.0792,TCO2e,32.70168,Emidio Tinga,,IEA 2023,true,Mauricio Dela Cruz,2025-08-11T06:30:34.317000,2025-08-11T06:30:34.317000,412900,Kwh,,Select,,,
68998e0ec4c6e0069e716f95,6891bb1896163182f4b2783e,6891bc8096163182f4b278fc,6891bd8e96163182f4b2790d,,,2024,May,0.0792,TCO2e,38.19816,Emidio Tinga,,IEA 2023,true,Mauricio Dela Cruz,2025-08-11T06:30:38.686000,2025-08-11T06:30:38.686000,482300,Kwh,,Select,,,
68998e13c4c6e0069e716f98,6891bb1896163182f4b2783e,6891bc8096163182f4b278fc,6891bd8e96163182f4b2790d,,,2024,June,0.0792,TCO2e,46.08648,Emidio Tinga,,IEA 2023,true,Mauricio Dela Cruz,2025-08-11T06:30:43.194000,2025-08-11T06:30:43.194000,581900,Kwh,,Select,,,
68998e17c4c6e0069e716f9b,6891bb1896163182f4b2783e,6891bc8096163182f4b278fc,6891bd8e96163182f4b2790d,,,2024,July,0.0792,TCO2e,49.80096,Emidio Tinga,,IEA 2023,true,Mauricio Dela Cruz,2025-08-11T06:30:47.936000,2025-08-11T06:30:47.936000,628800,Kwh,,Select,,,
68998e4bc4c6e0069e716f9f,6891bb1896163182f4b2783e,6891bc8096163182f4b278fc,6891bd8e96163182f4b2790d,,,2024,August,0.0792,TCO2e,47.0052,Emidio Tinga,,IEA 2023,true,Mauricio Dela Cruz,2025-08-11T06:31:39.866000,2025-08-11T06:31:39.866000,593500,Kwh,,Select,,,
68998e4dc4c6e0069e716fa2,6891bb1896163182f4b2783e,6891bc8096163182f4b278fc,6891bd8e96163182f4b2790d,,,2024,September,0.0792,TCO2e,47.92392,Emidio Tinga,,IEA 2023,true,Mauricio Dela Cruz,2025-08-11T06:31:41.170000,2025-08-11T06:31:41.170000,605100,Kwh,,Select,,,
68998e51c4c6e0069e716fa5,6891bb1896163182f4b2783e,6891bc8096163182f4b278fc,6891bd8e96163182f4b2790d,,,2024,October,0.0792,TCO2e,43.61544000000001,Emidio Tinga,,IEA 2023,true,Mauricio Dela Cruz,2025-08-11T06:31:45.733000,2025-08-11T06:31:45.733000,550700,Kwh,,Select,,,
68998e56c4c6e0069e716fa8,6891bb1896163182f4b2783e,6891bc8096163182f4b278fc,6891bd8e96163182f4b2790d,,,2024,November,0.0792,TCO2e,45.40536,Emidio Tinga,,IEA 2023,true,Mauricio Dela Cruz,2025-08-11T06:31:50.089000,2025-08-11T06:31:50.089000,573300,Kwh,,Select,,,
68998e5ac4c6e0069e716fab,6891bb1896163182f4b2783e,6891bc8096163182f4b278fc,6891bd8e96163182f4b2790d,,,2024,December,0.0792,TCO2e,37.65168,Emidio Tinga,,IEA 2023,true,Mauricio Dela Cruz,2025-08-11T06:31:54.599000,2025-08-11T06:31:54.599000,475400,Kwh,,Select,,,
68998ea7c4c6e0069e717069,6891bb1896163182f4b2783e,6891bc8096163182f4b278fc,6891bd8e96163182f4b2790d,,,2025,January,0.0792,TCO2e,46.87848,Emidio Tinga,,IEA 2024,true,Mauricio Dela Cruz,2025-08-11T06:33:11.170000,2025-08-11T06:33:11.170000,591900,Kwh,,Select,,,
68998eabc4c6e0069e71706c,6891bb1896163182f4b2783e,6891bc8096163182f4b278fc,6891bd8e96163182f4b2790d,,,2025,February,0.0792,TCO2e,63.25704000000001,Emidio Tinga,,IEA 2024,true,Mauricio Dela Cruz,2025-08-11T06:33:15.623000,2025-08-11T06:33:15.623000,798700,Kwh,,Select,,,
68998eb0c4c6e0069e71706f,6891bb1896163182f4b2783e,6891bc8096163182f4b278fc,6891bd8e96163182f4b2790d,,,2025,March,0.0792,TCO2e,74.0916,Emidio Tinga,,IEA 2024,true,Mauricio Dela Cruz,2025-08-11T06:33:20.149000,2025-08-11T06:33:20.149000,935500,Kwh,,Select,,,
68b965c965e87c4c92f70f19,68b9632065e87c4c92f6fc69,68b963a865e87c4c92f7056b,68b9649365e87c4c92f70587,,Monthly,2024,January,0.716,TCO2e/MWH,198.85611200000002,UserDemo,,IEA 2023,true,ManagerDemo,2025-09-04T10:11:21.660000,2025-09-04T10:11:21.660000,277732,Kwh,,Select,,,
68c7e0bc36739212485a19e5,68a5883965ea59a1f18b3486,68a5991265ea59a1f18b3821,68a59b6265ea59a1f18b3858,,Monthly,2025,January,0.727,TCO2e/MWH,2128.01624,Jayant Yadav  ,,IEA 2024,true,Sanjay Singh,2025-09-15T09:47:40.652000,2025-09-15T09:47:40.652000,2927120.00,Kwh,,INR,,,
68c7e24c36739212485a1e00,68a5883965ea59a1f18b3486,68a5991265ea59a1f18b3821,68a59b6265ea59a1f18b3858,,Monthly,2025,February,0.727,TCO2e/MWH,2105.74096,Jayant Yadav  ,,IEA 2024,true,Sanjay Singh,2025-09-15T09:54:20.713000,2025-09-15T09:54:20.713000,2896480.00,Kwh,,Select,,,
68c7e30836739212485a1f0b,68a5883965ea59a1f18b3486,68a5991265ea59a1f18b3821,68a59bd865ea59a1f18b3862,,Monthly,2024,February,0.716,TCO2e/MWH,1903.0621279999998,Durga Bhavani,,IEA 2023,pending,,2025-09-15T09:57:28.502000,2025-09-15T09:57:28.502000,2657908.00,Kwh,,Select,,,
68c7e32236739212485a1f0e,68a5883965ea59a1f18b3486,68a5991265ea59a1f18b3821,68a59bd865ea59a1f18b3862,,Monthly,2024,March,0.716,TCO2e/MWH,2245.6624,Durga Bhavani,,IEA 2023,pending,,2025-09-15T09:57:54.141000,2025-09-15T09:57:54.141000,3136400.00,Kwh,,Select,,,
68c7e33736739212485a1f11,68a5883965ea59a1f18b3486,68a5991265ea59a1f18b3821,68a59bd865ea59a1f18b3862,,Monthly,2024,August,0.716,TCO2e/MWH,2460.81324,Durga Bhavani,,IEA 2023,pending,,2025-09-15T09:58:15.552000,2025-09-15T09:58:15.552000,3436890.00,Kwh,,Select,,,
68c7e35836739212485a1f14,68a5883965ea59a1f18b3486,68a5991265ea59a1f18b3821,68a59bd865ea59a1f18b3862,,Monthly,2024,September,0.716,TCO2e/MWH,2334.6898399999995,Durga Bhavani,,IEA 2023,pending,,2025-09-15T09:58:48.643000,2025-09-15T09:58:48.643000,3260740.00,Kwh,,Select,,,
68c7e36d36739212485a1f17,68a5883965ea59a1f18b3486,68a5991265ea59a1f18b3821,68a59bd865ea59a1f18b3862,,Monthly,2024,October,0.716,TCO2e/MWH,2307.82552,Durga Bhavani,,IEA 2023,pending,,2025-09-15T09:59:09.193000,2025-09-15T09:59:09.193000,3223220.00,Kwh,,Select,,,
68c7e37f36739212485a1f1a,68a5883965ea59a1f18b3486,68a5991265ea59a1f18b3821,68a59bd865ea59a1f18b3862,,Monthly,2024,January,0.716,TCO2e/MWH,2082.5575999999996,Durga Bhavani,,IEA 2023,pending,,2025-09-15T09:59:27.997000,2025-09-15T09:59:27.997000,2908600.00,Kwh,,Select,,,
68c7e39f36739212485a1f1d,68a5883965ea59a1f18b3486,68a5991265ea59a1f18b3821,68a59bd865ea59a1f18b3862,,Monthly,2024,April,0.716,TCO2e/MWH,2260.931816,Durga Bhavani,,IEA 2023,pending,,2025-09-15T09:59:59.212000,2025-09-15T09:59:59.212000,3157726.00,Kwh,,Select,,,
68c7e3b136739212485a1f20,68a5883965ea59a1f18b3486,68a5991265ea59a1f18b3821,68a59bd865ea59a1f18b3862,,Monthly,2024,May,0.716,TCO2e/MWH,2395.103056,Durga Bhavani,,IEA 2023,pending,,2025-09-15T10:00:17.638000,2025-09-15T10:00:17.638000,3345116.00,Kwh,,Select,,,
68c7e3dd36739212485a1f23,68a5883965ea59a1f18b3486,68a5991265ea59a1f18b3821,68a59bd865ea59a1f18b3862,,Monthly,2024,June,0.716,TCO2e/MWH,2453.1878399999996,Durga Bhavani,,IEA 2023,,,2025-09-15T10:01:01.437000,2025-09-15T10:01:01.437000,3426240.00,Kwh,,Select,,,
68c7e3f736739212485a1f26,68a5883965ea59a1f18b3486,68a5991265ea59a1f18b3821,68a59bd865ea59a1f18b3862,,Monthly,2024,July,0.716,TCO2e/MWH,2284.2548,Durga Bhavani,,IEA 2023,pending,,2025-09-15T10:01:27.353000,2025-09-15T10:01:27.353000,3190300.00,Kwh,,Select,,,
68c7e41436739212485a1f2b,68a5883965ea59a1f18b3486,68a5991265ea59a1f18b3821,68a59bd865ea59a1f18b3862,,Monthly,2024,November,0.716,TCO2e/MWH,1960.2433199999998,Durga Bhavani,,IEA 2023,pending,,2025-09-15T10:01:56.027000,2025-09-15T10:01:56.027000,2737770.00,Kwh,,Select,,,
68c7e42d36739212485a1f2e,68a5883965ea59a1f18b3486,68a5991265ea59a1f18b3821,68a59bd865ea59a1f18b3862,,Monthly,2024,December,0.716,TCO2e/MWH,2040.29928,Durga Bhavani,,IEA 2023,pending,,2025-09-15T10:02:21.689000,2025-09-15T10:02:21.689000,2849580.00,Kwh,,Select,,,
68c7e50e36739212485a2090,68a5883965ea59a1f18b3486,68a5991265ea59a1f18b3821,68a59b6265ea59a1f18b3858,,Monthly,2025,May,0.727,TCO2e/MWH,2659.102826,Jayant Yadav  ,,IEA 2024,true,Sanjay Singh,2025-09-15T10:06:06.574000,2025-09-15T10:06:06.574000,3657638,Kwh,,Select,,,
68c7e52436739212485a2093,68a5883965ea59a1f18b3486,68a5991265ea59a1f18b3821,68a59b6265ea59a1f18b3858,,Monthly,2025,June,0.727,TCO2e/MWH,2667333.92,Jayant Yadav  ,,IEA 2024,true,Sanjay Singh,2025-09-15T10:06:28.302000,2025-09-15T10:06:28.302000,3668960,Select,,Select,,,
68c7e67036739212485a2599,68a5883965ea59a1f18b3486,68a5997f65ea59a1f18b3829,68a599a965ea59a1f18b382e,,Monthly,2024,February,0.716,TCO2e/MWH,423.16745599999996,Mangesh Gaikwad,,IEA 2023,true,Mahesh Jadhav,2025-09-15T10:12:00.518000,2025-09-15T10:12:00.518000,591016.00,Kwh,,INR,,,
68c7e70f36739212485a259e,68a5883965ea59a1f18b3486,68a5997f65ea59a1f18b3829,68a599a965ea59a1f18b382e,,Monthly,2024,August,0.716,TCO2e/MWH,485.69573599999995,Mangesh Gaikwad,,IEA 2023,true,Mahesh Jadhav,2025-09-15T10:14:39.449000,2025-09-15T10:14:39.449000,678346.00,Kwh,,INR,,,
68c7e73136739212485a25a1,68a5883965ea59a1f18b3486,68a5997f65ea59a1f18b3829,68a599a965ea59a1f18b382e,,Monthly,2024,November,0.716,TCO2e/MWH,373.485648,Mangesh Gaikwad,,IEA 2023,true,Mahesh Jadhav,2025-09-15T10:15:13.956000,2025-09-15T10:15:13.956000,521628.00,Kwh,,INR,,,
68c7e76936739212485a25a6,68a5883965ea59a1f18b3486,68a5997f65ea59a1f18b3829,68a599a965ea59a1f18b382e,,Monthly,2024,June,0.716,TCO2e/MWH,456.33687199999997,Mangesh Gaikwad,,IEA 2023,true,Mahesh Jadhav,2025-09-15T10:16:09.122000,2025-09-15T10:16:09.122000,637342.00,Kwh,,INR,,,
68c7e77c36739212485a25a9,68a5883965ea59a1f18b3486,68a5997f65ea59a1f18b3829,68a599a965ea59a1f18b382e,,Monthly,2024,January,0.716,TCO2e/MWH,407.860808,Mangesh Gaikwad,,IEA 2023,true,Mahesh Jadhav,2025-09-15T10:16:28.992000,2025-09-15T10:16:28.992000,569638.00,Kwh,,INR,,,
68c7e79536739212485a25ac,68a5883965ea59a1f18b3486,68a5997f65ea59a1f18b3829,68a599a965ea59a1f18b382e,,Monthly,2024,July,0.716,TCO2e/MWH,473.69414399999994,Mangesh Gaikwad,,IEA 2023,true,Mahesh Jadhav,2025-09-15T10:16:53.964000,2025-09-15T10:16:53.964000,661584.00,Kwh,,INR,,,
68c7e7be36739212485a25af,68a5883965ea59a1f18b3486,68a5997f65ea59a1f18b3829,68a599a965ea59a1f18b382e,,Monthly,2024,September,0.716,TCO2e/MWH,449.491912,Mangesh Gaikwad,,IEA 2023,true,Mahesh Jadhav,2025-09-15T10:17:34.879000,2025-09-15T10:17:34.879000,627782.00,Kwh,,INR,,,
68c7e7e336739212485a25b2,68a5883965ea59a1f18b3486,68a5997f65ea59a1f18b3829,68a599a965ea59a1f18b382e,,Monthly,2024,December,0.716,TCO2e/MWH,408.25604000000004,Mangesh Gaikwad,,IEA 2023,true,Mahesh Jadhav,2025-09-15T10:18:11.628000,2025-09-15T10:18:11.628000,570190.00,Kwh,,INR,,,
68c7e7f536739212485a25b5,68a5883965ea59a1f18b3486,68a5997f65ea59a1f18b3829,68a599a965ea59a1f18b382e,,Monthly,2024,October,0.716,TCO2e/MWH,503.571392,Mangesh Gaikwad,,IEA 2023,true,Mahesh Jadhav,2025-09-15T10:18:29.143000,2025-09-15T10:18:29.143000,703312.00,Kwh,,INR,,,
68c7e82136739212485a25ba,68a5883965ea59a1f18b3486,68a5997f65ea59a1f18b3829,68a599a965ea59a1f18b382e,,Monthly,2024,March,0.716,TCO2e/MWH,433.805784,Mangesh Gaikwad,,IEA 2023,true,Mahesh Jadhav,2025-09-15T10:19:13.874000,2025-09-15T10:19:13.874000,605874.00,Kwh,,INR,,,
68c7e87436739212485a25bd,68a5883965ea59a1f18b3486,68a5997f65ea59a1f18b3829,68a599a965ea59a1f18b382e,,Monthly,2024,May,0.716,TCO2e/MWH,514.226904,Mangesh Gaikwad,,IEA 2023,true,Mahesh Jadhav,2025-09-15T10:20:36.412000,2025-09-15T10:20:36.412000,718194.00,Kwh,,INR,,,
68c7e88636739212485a25c0,68a5883965ea59a1f18b3486,68a5997f65ea59a1f18b3829,68a599a965ea59a1f18b382e,,Monthly,2024,April,0.716,TCO2e/MWH,404.488448,Mangesh Gaikwad,,IEA 2023,true,Mahesh Jadhav,2025-09-15T10:20:54.341000,2025-09-15T10:20:54.341000,564928.00,Kwh,,INR,,,
68c7e8b836739212485a2671,68a5883965ea59a1f18b3486,68a5997f65ea59a1f18b3829,68a599a965ea59a1f18b382e,,Monthly,2025,January,0.727,TCO2e/MWH,411.394033,Mangesh Gaikwad,,IEA 2024,true,Mahesh Jadhav,2025-09-15T10:21:44.931000,2025-09-15T10:21:44.931000,565879.00,Kwh,,INR,,,
68c7e8db36739212485a2676,68a5883965ea59a1f18b3486,68a5997f65ea59a1f18b3829,68a599a965ea59a1f18b382e,68a5997f65ea59a1f18b382b,Monthly,2025,February,,,,Mangesh Gaikwad,Feb-25,IEA 2024,true,Mahesh Jadhav,2025-09-15T10:22:19.257000,2025-09-15T10:22:19.257000,561203,Kwh,5661030,INR,,,
68c7e909f16333b719d27fd0,68a5883965ea59a1f18b3486,68a5997f65ea59a1f18b3829,68a599a965ea59a1f18b382e,,Monthly,2025,March,0.727,TCO2e/MWH,505.60312042999993,Mangesh Gaikwad,,IEA 2024,true,Mahesh Jadhav,2025-09-15T10:23:05.920000,2025-09-15T10:23:05.920000,	695465.09,Kwh,,INR,,,
68c7e941f16333b719d27fd3,68a5883965ea59a1f18b3486,68a5997f65ea59a1f18b3829,68a599a965ea59a1f18b382e,,Monthly,2025,April,0.727,TCO2e/MWH,514.95722587,Mangesh Gaikwad,,IEA 2024,true,Mahesh Jadhav,2025-09-15T10:24:01.362000,2025-09-15T10:24:01.362000,708331.81,Kwh,,INR,,,
68c7e952f16333b719d27fd6,68a5883965ea59a1f18b3486,68a5997f65ea59a1f18b3829,68a599a965ea59a1f18b382e,,Monthly,2025,May,0.727,TCO2e/MWH,537.5587980099999,Mangesh Gaikwad,,IEA 2024,true,Mahesh Jadhav,2025-09-15T10:24:18.434000,2025-09-15T10:24:18.434000,739420.63,Kwh,,INR,,,
68c7e986f16333b719d27fdb,68a5883965ea59a1f18b3486,68a5997f65ea59a1f18b3829,68a599a965ea59a1f18b382e,,Monthly,2025,June,0.727,TCO2e/MWH,558.86216625,Mangesh Gaikwad,,IEA 2024,true,Mahesh Jadhav,2025-09-15T10:25:10.261000,2025-09-15T10:25:10.261000,768723.75,Kwh,,INR,,,
68ca5da2f16333b719d2973c,6891bb1896163182f4b2783e,6891bb9e96163182f4b278f4,6891bceb96163182f4b27905,,Monthly,2025,July,0.6986,TCO2e,3079.4288,Ali Majeed,,IEA 2024,true,Padm Nabh Tripathi,2025-09-17T07:05:06.585000,2025-09-17T07:05:06.585000,4408000,Kwh,,Select,,,
68ca68cff16333b719d29c01,6891bb1896163182f4b2783e,6891bc1096163182f4b278f8,6891bd4496163182f4b27909,,Monthly,2025,July,0.6112,TCO2e,688.3803068159999,Yousuf Enizy,,IEA 2024,true,Padm Nabh Tripathi,2025-09-17T07:52:47.824000,2025-09-17T07:52:47.824000,1126276.68,Kwh,,Select,,,
68ca7c20f16333b719d2a9d0,6891bb1896163182f4b2783e,6891bc8096163182f4b278fc,6891bd8e96163182f4b2790d,,Monthly,2025,April,0.0792,TCO2e,72.29376,Emidio Tinga,,IEA 2024,true,Padm Nabh Tripathi,2025-09-17T09:15:12.397000,2025-09-17T09:15:12.397000,912800,Kwh,,Select,,,
68ca7c21f16333b719d2a9d3,6891bb1896163182f4b2783e,6891bc8096163182f4b278fc,6891bd8e96163182f4b2790d,,Monthly,2025,May,0.0792,TCO2e,75.96864000000001,Emidio Tinga,,IEA 2024,true,Padm Nabh Tripathi,2025-09-17T09:15:13.260000,2025-09-17T09:15:13.260000,959200,Kwh,,Select,,,
68ca7c22f16333b719d2a9d6,6891bb1896163182f4b2783e,6891bc8096163182f4b278fc,6891bd8e96163182f4b2790d,,Monthly,2025,June,0.0792,TCO2e,77.74272,Emidio Tinga,,IEA 2024,true,Padm Nabh Tripathi,2025-09-17T09:15:14.241000,2025-09-17T09:15:14.241000,981600,Kwh,,Select,,,
68ca7c23f16333b719d2a9d9,6891bb1896163182f4b2783e,6891bc8096163182f4b278fc,6891bd8e96163182f4b2790d,,Monthly,2025,July,0.0792,TCO2e,79.39800000000001,Emidio Tinga,,IEA 2024,true,Padm Nabh Tripathi,2025-09-17T09:15:15.021000,2025-09-17T09:15:15.021000,1002500,Kwh,,Select,,,
68ca7c24f16333b719d2a9dc,6891bb1896163182f4b2783e,6891bc8096163182f4b278fc,6891bd8e96163182f4b2790d,,Monthly,2025,August,0.0792,TCO2e,76.22208,Emidio Tinga,,IEA 2024,true,Padm Nabh Tripathi,2025-09-17T09:15:16.342000,2025-09-17T09:15:16.342000,962400,Kwh,,Select,,,
68d29bf301b0259d9e27f402,6891bb1896163182f4b2783e,6891bb9e96163182f4b278f4,6891bceb96163182f4b27905,,Monthly,2025,August,0.6986,TCO2e,3225.4362,Ali Majeed,,IEA 2024,true,Padm Nabh Tripathi,2025-09-23T13:09:07.434000,2025-09-23T13:09:07.434000,4617000,Kwh,,Select,,,
68d3ba8df2a4964c04d46948,68b9632065e87c4c92f6fc69,68d39680f2a4964c04d45b6e,68d39699f2a4964c04d45b73,,Monthly,2025,January,0.727,TCO2e/MWH,2.577215,MumbaiUser,,IEA 2024,true,ManagerDemo,2025-09-24T09:31:57.520000,2025-09-24T09:31:57.521000,3545,Kwh,,Select,,,
68d3ba95f2a4964c04d4694b,68b9632065e87c4c92f6fc69,68d39680f2a4964c04d45b6e,68d39699f2a4964c04d45b73,,Monthly,2024,January,0.716,TCO2e/MWH,3.2384679999999997,MumbaiUser,,IEA 2023,true,ManagerDemo,2025-09-24T09:32:05.404000,2025-09-24T09:32:05.404000,4523,Kwh,,Select,,,
68df66316c8df5fc4b7eec3d,68a5883965ea59a1f18b3486,68a5997f65ea59a1f18b3829,68a599a965ea59a1f18b382e,,Monthly,2025,July,0.727,TCO2e/MWH,576.9740989999999,Mangesh Gaikwad,July-2025,IEA 2024,true,Mahesh Jadhav,2025-10-03T05:59:13.961000,2025-10-03T05:59:13.961000,793637,Kwh,"75,81,530",INR,,,
68df66ba6c8df5fc4b7eec40,68a5883965ea59a1f18b3486,68a5997f65ea59a1f18b3829,68a599a965ea59a1f18b382e,,Monthly,2025,August,0.727,TCO2e/MWH,602.212631,Mangesh Gaikwad,Aug-2025,IEA 2024,true,Mahesh Jadhav,2025-10-03T06:01:30.282000,2025-10-03T06:01:30.282000,828353,Kwh,8711000,INR,,,
68ff2f384654f8eefaf8aea7,68a5883965ea59a1f18b3486,68a5997f65ea59a1f18b3829,68a599a965ea59a1f18b382e,,Monthly,2025,September,0.727,TCO2e/MWH,516.7210660000001,Mangesh Gaikwad,Sept-2025,IEA 2024,true,Mahesh Jadhav,2025-10-27T08:37:12.896000,2025-10-27T08:37:12.897000,710758,Kwh,7745400,INR,,,
690b3a0eda4d7dea07775163,6891bb1896163182f4b2783e,6891bb9e96163182f4b278f4,6891bceb96163182f4b27905,,Monthly,2025,September,0.6986,TCO2e,3255.476,Ali Majeed,,IEA 2024,true,Padm Nabh Tripathi,2025-11-05T11:50:38.116000,2025-11-05T11:50:38.116000,4660000,Kwh,,Select,,,
690b4f51da4d7dea07777ccf,6891bb1896163182f4b2783e,6891bc1096163182f4b278f8,6891bd4496163182f4b27909,,Monthly,2025,August,0.6112,TCO2e,676.9946959679999,Sayed Hussain,,IEA 2024,true,Sayed Hussain,2025-11-05T13:21:21.593000,2025-11-05T13:21:21.593000,1107648.39,Kwh,,Select,,,
690b4f61da4d7dea07777cd2,6891bb1896163182f4b2783e,6891bc1096163182f4b278f8,6891bd4496163182f4b27909,,Monthly,2025,September,0.6112,TCO2e,650.3282233279999,Sayed Hussain,,IEA 2024,true,Sayed Hussain,2025-11-05T13:21:37.282000,2025-11-05T13:21:37.282000,1064018.69,Kwh,,Select,,,
6911fdf0f039fbab23b175ab,68b9632065e87c4c92f6fc69,68b963a865e87c4c92f7056b,68b9649365e87c4c92f70587,,Monthly,2025,January,0.727,TCO2e/MWH,201.911164,UserDemo,,IEA 2024,true,ManagerDemo,2025-11-10T15:00:00.863000,2025-11-10T15:00:00.863000,277732,Kwh,,Select,,,
6911fe19f039fbab23b175ae,68b9632065e87c4c92f6fc69,68b963a865e87c4c92f7056b,68b9649365e87c4c92f70587,,Monthly,2025,February,0.727,TCO2e/MWH,201.904621,UserDemo,,IEA 2024,true,ManagerDemo,2025-11-10T15:00:41.049000,2025-11-10T15:00:41.049000,277723,Kwh,,Select,,,
6911fe1af039fbab23b175b1,68b9632065e87c4c92f6fc69,68b963a865e87c4c92f7056b,68b9649365e87c4c92f70587,,Monthly,2025,March,0.727,TCO2e/MWH,165.153317,UserDemo,,IEA 2024,true,ManagerDemo,2025-11-10T15:00:42.184000,2025-11-10T15:00:42.184000,227171,Kwh,,Select,,,
6911fe1bf039fbab23b175b4,68b9632065e87c4c92f6fc69,68b963a865e87c4c92f7056b,68b9649365e87c4c92f70587,,Monthly,2025,April,0.727,TCO2e/MWH,169.922437,UserDemo,,IEA 2024,true,ManagerDemo,2025-11-10T15:00:43.797000,2025-11-10T15:00:43.797000,233731,Kwh,,Select,,,
6911fed7f039fbab23b17783,68b9632065e87c4c92f6fc69,68b963a865e87c4c92f7056b,68b9649365e87c4c92f70587,,Monthly,2024,February,0.716,TCO2e/MWH,198.85611200000002,UserDemo,,IEA 2023,true,ManagerDemo,2025-11-10T15:03:51.765000,2025-11-10T15:03:51.765000,277732,Kwh,,Select,,,
6911fed9f039fbab23b17786,68b9632065e87c4c92f6fc69,68b963a865e87c4c92f7056b,68b9649365e87c4c92f70587,,Monthly,2024,March,0.716,TCO2e/MWH,198.85611200000002,UserDemo,,IEA 2023,true,ManagerDemo,2025-11-10T15:03:53.068000,2025-11-10T15:03:53.068000,277732,Kwh,,Select,,,
6911fedaf039fbab23b17789,68b9632065e87c4c92f6fc69,68b963a865e87c4c92f7056b,68b9649365e87c4c92f70587,,Monthly,2024,April,0.716,TCO2e/MWH,198.85611200000002,UserDemo,,IEA 2023,true,ManagerDemo,2025-11-10T15:03:54.582000,2025-11-10T15:03:54.582000,277732,Kwh,,Select,,,
6911fedbf039fbab23b1778c,68b9632065e87c4c92f6fc69,68b963a865e87c4c92f7056b,68b9649365e87c4c92f70587,,Monthly,2024,May,0.716,TCO2e/MWH,198.85611200000002,UserDemo,,IEA 2023,true,ManagerDemo,2025-11-10T15:03:55.991000,2025-11-10T15:03:55.991000,277732,Kwh,,Select,,,
6911feddf039fbab23b1778f,68b9632065e87c4c92f6fc69,68b963a865e87c4c92f7056b,68b9649365e87c4c92f70587,,Monthly,2024,June,0.716,TCO2e/MWH,198.85611200000002,UserDemo,,IEA 2023,true,ManagerDemo,2025-11-10T15:03:57.432000,2025-11-10T15:03:57.432000,277732,Kwh,,Select,,,
6911fee0f039fbab23b17792,68b9632065e87c4c92f6fc69,68b963a865e87c4c92f7056b,68b9649365e87c4c92f70587,,Monthly,2024,July,0.716,TCO2e/MWH,198.85611200000002,UserDemo,,IEA 2023,true,ManagerDemo,2025-11-10T15:04:00.335000,2025-11-10T15:04:00.335000,277732,Kwh,,Select,,,
6911fee2f039fbab23b17795,68b9632065e87c4c92f6fc69,68b963a865e87c4c92f7056b,68b9649365e87c4c92f70587,,Monthly,2024,August,0.716,TCO2e/MWH,198.85611200000002,UserDemo,,IEA 2023,true,ManagerDemo,2025-11-10T15:04:02.842000,2025-11-10T15:04:02.842000,277732,Kwh,,Select,,,
6911fee3f039fbab23b17798,68b9632065e87c4c92f6fc69,68b963a865e87c4c92f7056b,68b9649365e87c4c92f70587,,Monthly,2024,September,0.716,TCO2e/MWH,198.85611200000002,UserDemo,,IEA 2023,true,ManagerDemo,2025-11-10T15:04:03.904000,2025-11-10T15:04:03.904000,277732,Kwh,,Select,,,
6911fee5f039fbab23b1779b,68b9632065e87c4c92f6fc69,68b963a865e87c4c92f7056b,68b9649365e87c4c92f70587,,Monthly,2024,October,0.716,TCO2e/MWH,198.85611200000002,UserDemo,,IEA 2023,true,ManagerDemo,2025-11-10T15:04:05.016000,2025-11-10T15:04:05.016000,277732,Kwh,,Select,,,
6911fee6f039fbab23b1779e,68b9632065e87c4c92f6fc69,68b963a865e87c4c92f7056b,68b9649365e87c4c92f70587,,Monthly,2024,November,0.716,TCO2e/MWH,198.85611200000002,UserDemo,,IEA 2023,true,ManagerDemo,2025-11-10T15:04:06.422000,2025-11-10T15:04:06.422000,277732,Kwh,,Select,,,
6911fee7f039fbab23b177a1,68b9632065e87c4c92f6fc69,68b963a865e87c4c92f7056b,68b9649365e87c4c92f70587,,Monthly,2024,December,0.716,TCO2e/MWH,198.85611200000002,UserDemo,,IEA 2023,true,ManagerDemo,2025-11-10T15:04:07.520000,2025-11-10T15:04:07.520000,277732,Kwh,,Select,,,
69145822f039fbab23b17ea4,6891bb1896163182f4b2783e,6891bb9e96163182f4b278f4,6891bceb96163182f4b27905,,Monthly,2025,October,0.6986,TCO2e,2804.879,Ali Majeed,,IEA 2024,true,Padm Nabh Tripathi,2025-11-12T09:49:22.614000,2025-11-12T09:49:22.614000,4015000,Kwh,,Select,,,
69145cbbf039fbab23b18738,6891bb1896163182f4b2783e,6891bc1096163182f4b278f8,6891bd4496163182f4b27909,,Monthly,2025,October,0.6112,TCO2e,189.4644260096,Sayed Hussain,,IEA 2024,true,Padm Nabh Tripathi,2025-11-12T10:08:59.077000,2025-11-12T10:08:59.077000,309987.608,Kwh,,Select,,,
69269fac975615828278b209,6891bb1896163182f4b2783e,6891bc8096163182f4b278fc,6891bd8e96163182f4b2790d,,Monthly,2025,September,0.0792,TCO2e,68.53176,Emidio Tinga,,IEA 2024,true,Padm Nabh Tripathi,2025-11-26T06:35:24.622000,2025-11-26T06:35:24.622000,865300,Kwh,,Select,,,
69269fbe975615828278b20c,6891bb1896163182f4b2783e,6891bc8096163182f4b278fc,6891bd8e96163182f4b2790d,,Monthly,2025,October,0.0792,TCO2e,7.013952000000001,Emidio Tinga,,IEA 2024,true,Padm Nabh Tripathi,2025-11-26T06:35:42.356000,2025-11-26T06:35:42.356000,88560,Kwh,,Select,,,
692e765f975615828278cb25,68a5883965ea59a1f18b3486,68a5997f65ea59a1f18b3829,68a599a965ea59a1f18b382e,,Monthly,2025,October,0.727,TCO2e/MWH,453.07657800000004,Mangesh Gaikwad,Oct-25,IEA 2024,true,Mahesh Jadhav,2025-12-02T05:17:19.120000,2025-12-02T05:17:19.120000,623214,Kwh,"64,23,780",INR,,,
69354f9297561582827928e1,68a5883965ea59a1f18b3486,68a5991265ea59a1f18b3821,68a59b6265ea59a1f18b3858,,Monthly,2025,April,0.727,TCO2e/MWH,2375.3271,Jayant Yadav  ,,IEA 2024,true,Sanjay Singh,2025-12-07T09:57:38.168000,2025-12-07T09:57:38.168000,3267300,Kwh,,Select,,,
69354fe297561582827928e8,68a5883965ea59a1f18b3486,68a5991265ea59a1f18b3821,68a59b6265ea59a1f18b3858,,Monthly,2025,July,0.727,TCO2e/MWH,3016.96276,Jayant Yadav  ,,IEA 2024,true,Sanjay Singh,2025-12-07T09:58:58.502000,2025-12-07T09:58:58.502000,4149880,Kwh,,Select,,,
69354ff897561582827928eb,68a5883965ea59a1f18b3486,68a5991265ea59a1f18b3821,68a59b6265ea59a1f18b3858,,Monthly,2025,August,0.727,TCO2e/MWH,3235.45534,Jayant Yadav  ,,IEA 2024,true,Sanjay Singh,2025-12-07T09:59:20.703000,2025-12-07T09:59:20.703000,4450420,Kwh,,Select,,,
6935500a97561582827928ee,68a5883965ea59a1f18b3486,68a5991265ea59a1f18b3821,68a59b6265ea59a1f18b3858,,Monthly,2025,September,0.727,TCO2e/MWH,3176.0899739999995,Jayant Yadav  ,,IEA 2024,true,Sanjay Singh,2025-12-07T09:59:38.655000,2025-12-07T09:59:38.655000,4368762,Kwh,,Select,,,
6935501c97561582827928f1,68a5883965ea59a1f18b3486,68a5991265ea59a1f18b3821,68a59b6265ea59a1f18b3858,,Monthly,2025,October,0.727,TCO2e/MWH,2968.98803,Jayant Yadav  ,,IEA 2024,true,Sanjay Singh,2025-12-07T09:59:56.460000,2025-12-07T09:59:56.460000,4083890,Kwh,,Select,,,
6935502d97561582827928f4,68a5883965ea59a1f18b3486,68a5991265ea59a1f18b3821,68a59b6265ea59a1f18b3858,,Monthly,2025,November,0.727,TCO2e/MWH,3140.96715,Jayant Yadav  ,,IEA 2024,true,Sanjay Singh,2025-12-07T10:00:13.468000,2025-12-07T10:00:13.468000,4320450,Kwh,,Select,,,
6935566197561582827930e2,68a5883965ea59a1f18b3486,68a5991265ea59a1f18b3821,68a59b6265ea59a1f18b3858,,Monthly,2025,March,0.727,TCO2e/MWH,2365.76705,Jayant Yadav  ,,IEA 2024,true,Sanjay Singh,2025-12-07T10:26:41.407000,2025-12-07T10:26:41.407000,3254150,Kwh,,INR,,,
6944e942e56575a48595615d,68a5883965ea59a1f18b3486,68a5997f65ea59a1f18b3829,68a599a965ea59a1f18b382e,,Monthly,2025,November,0.727,TCO2e/MWH,468.595847,Mangesh Gaikwad,Nov-2025,IEA 2024,,,2025-12-19T05:57:22.563000,2025-12-19T05:57:22.563000,644561,Kwh,6638430,INR,,,
